Input Size,Time Taken
100, 0.000014
200, 0.000033
300, 0.000050
400, 0.000097
800, 0.000458
